<?xml version="1.0" encoding="UTF-8"?>
<details xmlns:xs="http://www.w3.org/2001/XMLSchema">
    <departments>
        <department>
            <deptcode>10</deptcode>
            <deptname>Admin</deptname>
            <employee>
                <employee_code>102</employee_code>
                <empname>Aakash</empname>
                <doj>10-nov-2005</doj>
                <salary>48000</salary>
                <grade>C</grade>
            </employee>
            
            
        </department>
        <department>
		    <deptcode>20</deptcode>
            <deptname>HR</deptname>
            <employee>
                <employee_code>101</employee_code>
                <empname>Preetam</empname>
                <doj>10-jan-2010</doj>
                <salary>18000</salary>
                <grade>A</grade>
            </employee>
		    <employee>
                <employee_code>104</employee_code>
                <empname>Reena</empname>
                <doj>23-jun-2011</doj>
                <salary>33000</salary>
                <grade>B</grade>
            </employee>
		</department>
		<department>
            <deptcode>30</deptcode>
            <deptname>Finance</deptname>
            <employee>
                <employee_code>105</employee_code>
                <empname>Kailash</empname>
                <doj>05-feb-2004</doj>
                <salary>36000</salary>
                <grade>C</grade>
            </employee>
        </department>
		<department>
            <deptcode>40</deptcode>
            <deptname>Sales</deptname>
            <employee>
                <employee_code>103</employee_code>
                <empname>Kishore</empname>
                <doj>19-dec-2005</doj>
                <salary>42000</salary>
                <grade>C</grade>
            </employee>
         </department>
		 <department>
            <deptcode>50</deptcode>
            <deptname>Marketing</deptname>
         </department>
		 
    </departments>
	</details>